tag,facet_code,facet_name,description,parent,examples
infants,A,Demographics & Populations,Children under one year of age.,Age Groups,[]
children,A,Demographics & Populations,"Pediatric populations, roughly ages 1 to 12.",Age Groups,[]
adolescents,A,Demographics & Populations,"Youth and teenagers, roughly ages 13 to 19.",Age Groups,[]
young-adults,A,Demographics & Populations,Adults roughly ages 20 to 34.,Age Groups,[]
adults,A,Demographics & Populations,"Working-age adults, roughly ages 35 to 64.",Age Groups,[]
older-adults,A,Demographics & Populations,Adults age 65 and older.,Age Groups,[]
american-indian,A,Demographics & Populations,American Indian and Alaska Native populations.,Race & Ethnicity,[]
asian-populations,A,Demographics & Populations,Asian and Asian American populations.,Race & Ethnicity,[]
black-populations,A,Demographics & Populations,Black and African American populations.,Race & Ethnicity,[]
hispanic-latino,A,Demographics & Populations,Hispanic and Latino populations.,Race & Ethnicity,[]
pacific-islander,A,Demographics & Populations,Native Hawaiian and Pacific Islander populations.,Race & Ethnicity,[]
white-populations,A,Demographics & Populations,White populations.,Race & Ethnicity,[]
multiracial,A,Demographics & Populations,People identifying with two or more races.,Race & Ethnicity,[]
statewide,A,Demographics & Populations,Statewide figures covering all of Minnesota.,Geography,[]
twin-cities-metro,A,Demographics & Populations,The seven-county Twin Cities metropolitan area.,Geography,[]
greater-minnesota,A,Demographics & Populations,Minnesota outside the Twin Cities metro.,Geography,[]
rural-communities,A,Demographics & Populations,Rural and small-town communities.,Geography,[]
tribal-nations,A,Demographics & Populations,Tribal nations and reservation communities.,Geography,[]
county-level,A,Demographics & Populations,Data reported at the county level.,Geography,[]
immigrants-refugees,A,Demographics & Populations,"Immigrant, refugee, and newcomer communities.",Priority Populations,[]
veterans,A,Demographics & Populations,Military veterans and their families.,Priority Populations,[]
lgbtq-populations,A,Demographics & Populations,"Lesbian, gay, bisexual, transgender, and queer people.",Priority Populations,[]
people-with-disabilities,A,Demographics & Populations,People living with physical or cognitive disabilities.,Priority Populations,[]
pregnant-people,A,Demographics & Populations,People who are pregnant or postpartum.,Priority Populations,[]
uninsured-populations,A,Demographics & Populations,People without health insurance coverage.,Priority Populations,[]
people-experiencing-homelessness,A,Demographics & Populations,People experiencing housing instability or homelessness.,Priority Populations,[]
cancer,B,Health Conditions & Topics,"Cancer incidence, screening, treatment, and survivorship.",Chronic Disease,[]
cardiovascular-disease,B,Health Conditions & Topics,"Heart disease, stroke, and hypertension.",Chronic Disease,[]
diabetes,B,Health Conditions & Topics,Type 1 and type 2 diabetes and prediabetes.,Chronic Disease,[]
asthma,B,Health Conditions & Topics,Asthma and chronic respiratory conditions.,Chronic Disease,[]
obesity,B,Health Conditions & Topics,"Obesity, nutrition, and physical activity.",Chronic Disease,[]
kidney-disease,B,Health Conditions & Topics,Chronic kidney disease and dialysis care.,Chronic Disease,[]
covid-19,B,Health Conditions & Topics,"COVID-19 surveillance, response, and long-term effects.",Infectious Disease,[]
influenza,B,Health Conditions & Topics,Seasonal and pandemic influenza.,Infectious Disease,[]
hiv-aids,B,Health Conditions & Topics,"HIV and AIDS prevention, testing, and care.",Infectious Disease,[]
sexually-transmitted-infections,B,Health Conditions & Topics,Sexually transmitted infections and reporting.,Infectious Disease,[]
tuberculosis,B,Health Conditions & Topics,"Tuberculosis screening, treatment, and contact tracing.",Infectious Disease,[]
vaccine-preventable-disease,B,Health Conditions & Topics,"Measles, pertussis, and other vaccine-preventable illness.",Infectious Disease,[]
antimicrobial-resistance,B,Health Conditions & Topics,Antibiotic resistance and stewardship.,Infectious Disease,[]
mental-health,B,Health Conditions & Topics,"Mental health conditions, treatment, and access.",Behavioral Health,[]
substance-use,B,Health Conditions & Topics,Substance use disorders and treatment services.,Behavioral Health,[]
opioids,B,Health Conditions & Topics,"Opioid use, overdose, and harm reduction.",Behavioral Health,[]
tobacco,B,Health Conditions & Topics,"Tobacco, vaping, and cessation programs.",Behavioral Health,[]
alcohol,B,Health Conditions & Topics,Alcohol use and related harms.,Behavioral Health,[]
suicide-prevention,B,Health Conditions & Topics,Suicide surveillance and prevention efforts.,Behavioral Health,[]
prenatal-care,B,Health Conditions & Topics,Access to and quality of prenatal care.,Maternal & Child Health,[]
birth-outcomes,B,Health Conditions & Topics,"Preterm birth, low birth weight, and delivery outcomes.",Maternal & Child Health,[]
infant-mortality,B,Health Conditions & Topics,Infant and perinatal mortality.,Maternal & Child Health,[]
maternal-mortality,B,Health Conditions & Topics,Maternal deaths and severe maternal morbidity.,Maternal & Child Health,[]
breastfeeding,B,Health Conditions & Topics,"Breastfeeding initiation, duration, and support.",Maternal & Child Health,[]
child-development,B,Health Conditions & Topics,Early childhood development and screening.,Maternal & Child Health,[]
unintentional-injury,B,Health Conditions & Topics,"Falls, poisonings, and other unintentional injuries.",Injury & Violence,[]
motor-vehicle-crashes,B,Health Conditions & Topics,Traffic-related injuries and deaths.,Injury & Violence,[]
firearm-injury,B,Health Conditions & Topics,Firearm-related injuries and deaths.,Injury & Violence,[]
domestic-violence,B,Health Conditions & Topics,Intimate partner and family violence.,Injury & Violence,[]
child-maltreatment,B,Health Conditions & Topics,Child abuse and neglect.,Injury & Violence,[]
occupational-injury,B,Health Conditions & Topics,Workplace injuries and illnesses.,Injury & Violence,[]
air-quality,B,Health Conditions & Topics,Outdoor and indoor air quality.,Environmental Health,[]
water-quality,B,Health Conditions & Topics,"Drinking water, wells, and recreational water.",Environmental Health,[]
lead-exposure,B,Health Conditions & Topics,Childhood and occupational lead exposure.,Environmental Health,[]
climate-health,B,Health Conditions & Topics,"Health effects of extreme heat, flooding, and climate change.",Environmental Health,[]
foodborne-illness,B,Health Conditions & Topics,Food safety and foodborne outbreaks.,Environmental Health,[]
environmental-contaminants,B,Health Conditions & Topics,Chemical contaminants and hazardous exposures.,Environmental Health,[]
insurance-coverage,C,Health System & Access,Health insurance coverage and enrollment.,Access to Care,[]
uninsured-rate,C,Health System & Access,Rates and characteristics of the uninsured.,Access to Care,[]
provider-shortage,C,Health System & Access,Health professional shortage areas and unmet need.,Access to Care,[]
telehealth,C,Health System & Access,Telehealth and remote care delivery.,Access to Care,[]
transportation-barriers,C,Health System & Access,Transportation as a barrier to receiving care.,Access to Care,[]
dental-access,C,Health System & Access,Access to oral and dental health services.,Access to Care,[]
health-care-spending,C,Health System & Access,Total and per capita health care spending.,Cost & Financing,[]
prescription-drug-costs,C,Health System & Access,Prescription drug pricing and spending.,Cost & Financing,[]
affordability,C,Health System & Access,"Affordability of premiums, deductibles, and care.",Cost & Financing,[]
medical-debt,C,Health System & Access,Medical debt and financial hardship.,Cost & Financing,[]
public-program-financing,C,Health System & Access,"Medicaid, MinnesotaCare, and public program financing.",Cost & Financing,[]
primary-care-workforce,C,Health System & Access,"Primary care physicians, NPs, and PAs.",Health Care Workforce,[]
nursing-workforce,C,Health System & Access,Registered nurses and licensed practical nurses.,Health Care Workforce,[]
behavioral-health-workforce,C,Health System & Access,Mental health and substance use treatment providers.,Health Care Workforce,[]
rural-workforce,C,Health System & Access,Workforce supply and retention outside metro areas.,Health Care Workforce,[]
workforce-training,C,Health System & Access,"Education, residency, and pipeline programs.",Health Care Workforce,[]
workforce-diversity,C,Health System & Access,Diversity and cultural representation in the workforce.,Health Care Workforce,[]
hospitals,C,Health System & Access,"Hospital capacity, utilization, and finances.",Facilities & Services,[]
community-health-centers,C,Health System & Access,Federally qualified and community health centers.,Facilities & Services,[]
long-term-care,C,Health System & Access,Nursing facilities and home and community-based services.,Facilities & Services,[]
emergency-services,C,Health System & Access,Emergency departments and ambulance services.,Facilities & Services,[]
rural-health-clinics,C,Health System & Access,Rural clinics and critical access hospitals.,Facilities & Services,[]
patient-safety,C,Health System & Access,Adverse events and patient safety reporting.,Quality & Outcomes,[]
readmissions,C,Health System & Access,Hospital readmissions and care transitions.,Quality & Outcomes,[]
care-quality,C,Health System & Access,Clinical quality measurement and performance.,Quality & Outcomes,[]
health-outcomes,C,Health System & Access,Population-level health outcome measures.,Quality & Outcomes,[]
patient-experience,C,Health System & Access,Patient-reported experience and satisfaction.,Quality & Outcomes,[]
housing,D,Determinants & Equity,"Housing quality, cost, and stability.",Social Determinants,[]
food-security,D,Determinants & Equity,"Food access, insecurity, and nutrition programs.",Social Determinants,[]
education,D,Determinants & Equity,Educational attainment and school-based health.,Social Determinants,[]
employment,D,Determinants & Equity,"Employment, working conditions, and job quality.",Social Determinants,[]
income-poverty,D,Determinants & Equity,"Income, poverty, and economic stability.",Social Determinants,[]
child-care-access,D,Determinants & Equity,Availability and affordability of child care.,Social Determinants,[]
health-disparities,D,Determinants & Equity,Differences in health outcomes between populations.,Health Equity,[]
structural-racism,D,Determinants & Equity,Structural and institutional drivers of inequity.,Health Equity,[]
language-access,D,Determinants & Equity,"Interpretation, translation, and language services.",Health Equity,[]
cultural-responsiveness,D,Determinants & Equity,Culturally responsive and community-informed care.,Health Equity,[]
disability-equity,D,Determinants & Equity,Equitable access for people with disabilities.,Health Equity,[]
built-environment,D,Determinants & Equity,"Housing stock, transit, parks, and neighborhood design.",Community Conditions,[]
community-safety,D,Determinants & Equity,Neighborhood safety and violence prevention.,Community Conditions,[]
social-connectedness,D,Determinants & Equity,"Social support, isolation, and belonging.",Community Conditions,[]
broadband-access,D,Determinants & Equity,Internet access as a determinant of health care access.,Community Conditions,[]
vital-statistics,E,Public Health Practice,"Births, deaths, and vital records.",Surveillance & Data,[]
disease-surveillance,E,Public Health Practice,Reportable disease and syndromic surveillance.,Surveillance & Data,[]
survey-data,E,Public Health Practice,Population surveys such as BRFSS and student surveys.,Surveillance & Data,[]
data-quality,E,Public Health Practice,"Data completeness, accuracy, and methods.",Surveillance & Data,[]
registries,E,Public Health Practice,Disease and immunization registries.,Surveillance & Data,[]
health-promotion,E,Public Health Practice,Health promotion and education campaigns.,Programs & Interventions,[]
screening-programs,E,Public Health Practice,Population screening and early detection programs.,Programs & Interventions,[]
immunization-programs,E,Public Health Practice,Vaccination delivery and coverage programs.,Programs & Interventions,[]
home-visiting,E,Public Health Practice,Family home visiting and early intervention.,Programs & Interventions,[]
program-evaluation,E,Public Health Practice,Evaluation of program implementation and impact.,Programs & Interventions,[]
public-health-policy,E,Public Health Practice,Policy analysis and recommendations.,Policy & Regulation,[]
licensing-regulation,E,Public Health Practice,Facility and professional licensing and oversight.,Policy & Regulation,[]
statute-rule,E,Public Health Practice,Statutory and rulemaking requirements.,Policy & Regulation,[]
legislative-reporting,E,Public Health Practice,Reports prepared for the legislature.,Policy & Regulation,[]
emergency-response,E,Public Health Practice,Public health emergency response operations.,Emergency Preparedness,[]
outbreak-investigation,E,Public Health Practice,Outbreak detection and investigation.,Emergency Preparedness,[]
preparedness-planning,E,Public Health Practice,Preparedness planning and exercises.,Emergency Preparedness,[]
medical-countermeasures,E,Public Health Practice,Stockpiles and countermeasure distribution.,Emergency Preparedness,[]
local-public-health,E,Public Health Practice,Local public health departments and CHBs.,Partnerships,[]
tribal-health-partnerships,E,Public Health Practice,Partnerships with tribal health systems.,Partnerships,[]
community-partnerships,E,Public Health Practice,Community-based organizations and coalitions.,Partnerships,[]
academic-partnerships,E,Public Health Practice,Research and academic collaborations.,Partnerships,[]
